{
  "version": 1,
  "author": "Anonymous maker",
  "editor": "wokwi",
  "parts": [
    { "type": "board-esp32-devkit-c-v4", "id": "esp", "top": -86.4, "left": 24.04, "attrs": {} },
    {
      "type": "wokwi-lcd1602",
      "id": "lcd1",
      "top": -70.4,
      "left": 188,
      "attrs": { "pins": "i2c" }
    },
    { "type": "wokwi-mpu6050", "id": "imu1", "top": -15.38, "left": -141.68, "attrs": {} }
  ],
  "connections": [
    [ "esp:TX", "$serialMonitor:RX", "", [] ],
    [ "esp:RX", "$serialMonitor:TX", "", [] ],
    [ "lcd1:GND", "esp:GND.2", "black", [ "h0" ] ],
    [ "imu1:GND", "esp:GND.2", "black", [ "v-86.4", "h192.08" ] ],
    [ "imu1:VCC", "esp:3V3", "red", [ "v0" ] ],
    [ "lcd1:VCC", "esp:3V3", "red", [ "h-9.6", "v-47.9", "h-163.2" ] ],
    [ "esp:22", "lcd1:SCL", "green", [ "h19.2", "v28.8" ] ],
    [ "imu1:SCL", "esp:22", "green", [ "v0" ] ],
    [ "esp:21", "lcd1:SDA", "magenta", [ "h9.6", "v9.6", "h48", "v-19.2" ] ],
    [ "esp:21", "imu1:SDA", "magenta", [ "h-153.6", "v19.2", "h-67.2" ] ]
  ],
  "dependencies": {}
}