{
  "version": 1,
  "author": "Anonymous maker",
  "editor": "wokwi",
  "parts": [
    { "type": "wokwi-breadboard-half", "id": "bb1", "top": -60.6, "left": -26, "attrs": {} },
    { "type": "wokwi-arduino-uno", "id": "uno", "top": -47.4, "left": -394.2, "attrs": {} },
    { "type": "wokwi-pir-motion-sensor", "id": "pir1", "top": -101.6, "left": -7.38, "attrs": {} },
    {
      "type": "wokwi-buzzer",
      "id": "bz1",
      "top": -93.6,
      "left": 136.2,
      "attrs": { "volume": "0.1" }
    },
    {
      "type": "wokwi-resistor",
      "id": "r1",
      "top": 32.2,
      "left": 143.15,
      "rotate": 270,
      "attrs": { "value": "1000" }
    }
  ],
  "connections": [
    [ "pir1:VCC", "bb1:4t.a", "", [ "$bb" ] ],
    [ "pir1:OUT", "bb1:5t.a", "", [ "$bb" ] ],
    [ "pir1:GND", "bb1:6t.a", "", [ "$bb" ] ],
    [ "bz1:1", "bb1:18t.a", "", [ "$bb" ] ],
    [ "bz1:2", "bb1:19t.a", "", [ "$bb" ] ],
    [ "r1:1", "bb1:19b.g", "", [ "$bb" ] ],
    [ "r1:2", "bb1:19t.c", "", [ "$bb" ] ],
    [ "bb1:19b.h", "bb1:bp.16", "green", [ "v48", "h9.6" ] ],
    [ "bb1:bp.1", "uno:GND.3", "green", [ "v0" ] ],
    [ "bb1:18t.c", "uno:6", "magenta", [ "v28.8", "h-355.2" ] ],
    [ "bb1:4t.c", "uno:5", "cyan", [ "v19.2", "h-211.2" ] ],
    [ "bb1:6t.c", "bb1:bp.5", "green", [ "v0" ] ],
    [ "bb1:5t.c", "bb1:bn.4", "red", [ "v0" ] ],
    [ "bb1:bn.3", "uno:5V", "red", [ "v37.1", "h-267.2" ] ]
  ],
  "dependencies": {}
}